17,_0_5.0_1_1.866713897E9_2_80.0_3_10.0_,_0_5.0_1_1.866713897E9_2_80.0_3_10.0_,_0_17.0_1_2.026273913E9_2_80.0_3_10.0_,_0_17.0_1_2.026273913E9_2_80.0_3_10.0_,_0_17.0_1_2.026273913E9_2_80.0_3_10.0_,_0_17.0_1_2.026273913E9_2_80.0_3_10.0_,_0_22.0_1_1.851400143E9_2_80.0_3_10.0_,_0_22.0_1_1.851400143E9_2_80.0_3_10.0_,_0_22.0_1_1.851400143E9_2_80.0_3_10.0_,_0_22.0_1_1.851400143E9_2_80.0_3_10.0_,_0_22.0_1_1.851400143E9_2_80.0_3_10.0_,_0_22.0_1_1.851400143E9_2_80.0_3_10.0_,_0_22.0_1_1.851400143E9_2_80.0_3_10.0_,_0_22.0_1_1.851400143E9_2_80.0_3_10.0_,_0_22.0_1_1.851400143E9_2_80.0_3_10.0_,_0_22.0_1_1.851400143E9_2_80.0_3_10.0_,_0_22.0_1_1.851400143E9_2_80.0_3_10.0_,_0_22.0_1_1.851400143E9_2_80.0_3_10.0_,_0_22.0_1_1.851400143E9_2_80.0_3_10.0_,_0_22.0_1_1.851400143E9_2_80.0_3_10.0_,_0_22.0_1_1.851400143E9_2_80.0_3_10.0_,_0_21.0_1_2.181098769E9_2_80.0_3_10.0_,_0_21.0_1_2.181098769E9_2_80.0_3_10.0_,_0_21.0_1_2.181098769E9_2_80.0_3_10.0_,_0_21.0_1_2.181098769E9_2_80.0_3_10.0_,_0_3.0_1_2.095298806E9_2_80.0_3_10.0_,_0_3.0_1_2.095298806E9_2_80.0_3_10.0_,_0_3.0_1_2.095298806E9_2_80.0_3_10.0_,_0_3.0_1_2.095298806E9_2_80.0_3_10.0_,_0_3.0_1_2.095298806E9_2_80.0_3_10.0_,_0_6.0_1_1.866713897E9_2_80.0_3_10.0_,_0_6.0_1_1.866713897E9_2_80.0_3_10.0_,_0_23.0_1_1.867066828E9_2_80.0_3_10.0_,_0_23.0_1_1.867066828E9_2_80.0_3_10.0_,_0_23.0_1_1.867066828E9_2_80.0_3_10.0_,_0_23.0_1_1.867066828E9_2_80.0_3_10.0_,_0_23.0_1_2.112332229E9_2_80.0_3_10.0_,_0_23.0_1_2.112332229E9_2_80.0_3_10.0_,_0_17.0_1_2.194656056E9_2_443.0_3_10.0_,_0_17.0_1_2.194656056E9_2_443.0_3_10.0_,_0_19.0_1_1.992306715E9_2_443.0_3_10.0_,_0_19.0_1_1.992306715E9_2_443.0_3_10.0_,_0_8.0_1_2.061634618E9_2_80.0_3_10.0_,_0_8.0_1_2.061634618E9_2_80.0_3_10.0_,_0_8.0_1_2.061634618E9_2_80.0_3_10.0_,_0_8.0_1_2.061634618E9_2_80.0_3_10.0_,_0_8.0_1_2.061634618E9_2_80.0_3_10.0_,_0_11.0_1_1.728901186E9_2_80.0_3_10.0_,_0_11.0_1_1.728901186E9_2_80.0_3_10.0_,_0_11.0_1_1.728901186E9_2_80.0_3_10.0_,_0_11.0_1_1.728901186E9_2_80.0_3_10.0_,_0_1.0_1_1.992306715E9_2_80.0_3_10.0_,_0_1.0_1_1.992306715E9_2_80.0_3_10.0_,_0_1.0_1_1.839458522E9_2_80.0_3_10.0_,_0_1.0_1_1.839458522E9_2_80.0_3_10.0_,_0_4.0_1_1.866713897E9_2_80.0_3_10.0_,_0_4.0_1_1.866713897E9_2_80.0_3_10.0_,_0_5.0_1_1.87807451E9_2_80.0_3_10.0_,_0_5.0_1_1.87807451E9_2_80.0_3_10.0_,_0_5.0_1_1.87807451E9_2_80.0_3_10.0_,_0_5.0_1_1.87807451E9_2_80.0_3_10.0_,_0_9.0_1_2.071848971E9_2_80.0_3_10.0_,_0_9.0_1_2.071848971E9_2_80.0_3_10.0_,_0_11.0_1_2.031911882E9_2_80.0_3_10.0_,_0_11.0_1_2.031911882E9_2_80.0_3_10.0_,_0_21.0_1_2.057013262E9_2_80.0_3_10.0_,_0_21.0_1_2.057013262E9_2_80.0_3_10.0_,_0_23.0_1_2.061518642E9_2_80.0_3_10.0_,_0_23.0_1_2.061518642E9_2_80.0_3_10.0_,_0_23.0_1_2.061518642E9_2_80.0_3_10.0_,_0_23.0_1_2.061518642E9_2_80.0_3_10.0_,_0_8.0_1_1.866713897E9_2_80.0_3_10.0_,_0_8.0_1_1.866713897E9_2_80.0_3_10.0_,_0_22.0_1_2.194656056E9_2_443.0_3_10.0_,_0_22.0_1_2.194656056E9_2_443.0_3_10.0_,_0_22.0_1_2.194656056E9_2_443.0_3_10.0_,_1_2.020316489E9_2_80.0_3_10.0_,_1_2.020316489E9_2_80.0_3_10.0_,_0_7.0_1_1.914781013E9_2_80.0_3_10.0_,_0_7.0_1_1.914781013E9_2_80.0_3_10.0_,_1_1.878076565E9_2_443.0_3_10.0_,_1_1.878076565E9_2_443.0_3_10.0_,_1_1.878076565E9_2_443.0_3_10.0_,_1_1.878076565E9_2_443.0_3_10.0_,_1_1.878076565E9_2_443.0_3_10.0_,_1_1.878076565E9_2_443.0_3_10.0_,_1_1.878076565E9_2_443.0_3_10.0_,_0_4.0_1_1.866713897E9_2_80.0_3_10.0_,_0_4.0_1_1.866713897E9_2_80.0_3_10.0_,_0_12.0_1_1.93827371E9_2_80.0_3_10.0_,_0_12.0_1_1.93827371E9_2_80.0_3_10.0_,_0_12.0_1_1.93827371E9_2_80.0_3_10.0_,_0_12.0_1_1.93827371E9_2_80.0_3_10.0_,_1_1.992311147E9_2_80.0_3_10.0_,_1_1.992311147E9_2_80.0_3_10.0_,_0_4.0_1_1.806314175E9_2_80.0_3_10.0_,_0_4.0_1_1.806314175E9_2_80.0_3_10.0_,_0_5.0_1_1.806314175E9_2_80.0_3_10.0_,_0_5.0_1_1.806314175E9_2_80.0_3_10.0_,_0_5.0_1_1.806314175E9_2_80.0_3_10.0_,_0_5.0_1_1.806314175E9_2_80.0_3_10.0_,_0_10.0_1_1.866713897E9_2_80.0_3_10.0_,_0_10.0_1_1.866713897E9_2_80.0_3_10.0_,_0_22.0_1_1.977159345E9_2_80.0_3_10.0_,_0_22.0_1_1.977159345E9_2_80.0_3_10.0_,_0_23.0_1_1.728913303E9_2_80.0_3_10.0_,_0_23.0_1_1.728913303E9_2_80.0_3_10.0_,_0_4.0_1_2.040571066E9_2_80.0_3_10.0_,_0_4.0_1_2.040571066E9_2_80.0_3_10.0_,_0_15.0_1_2.160578432E9_2_80.0_3_10.0_,_0_15.0_1_2.160578432E9_2_80.0_3_10.0_,_0_23.0_1_1.937705123E9_2_80.0_3_10.0_,_0_23.0_1_1.937705123E9_2_80.0_3_10.0_,_0_23.0_1_1.937705123E9_2_80.0_3_10.0_,_0_23.0_1_1.937705123E9_2_80.0_3_10.0_,_0_21.0_1_2.006145828E9_2_80.0_3_10.0_,_0_21.0_1_2.006145828E9_2_80.0_3_10.0_,_0_21.0_1_2.006145828E9_2_80.0_3_10.0_,_0_21.0_1_2.006145828E9_2_80.0_3_10.0_,_0_4.0_1_1.866713897E9_2_80.0_3_10.0_,_0_4.0_1_1.866713897E9_2_80.0_3_10.0_,_0_6.0_1_1.878552671E9_2_443.0_3_10.0_,_0_6.0_1_1.878552671E9_2_443.0_3_10.0_,_0_6.0_1_1.878552671E9_2_443.0_3_10.0_,_0_6.0_1_1.878552671E9_2_443.0_3_10.0_,_0_6.0_1_1.878552671E9_2_443.0_3_10.0_,_0_6.0_1_1.878552671E9_2_443.0_3_10.0_,_0_6.0_1_1.878552671E9_2_443.0_3_10.0_,_0_6.0_1_1.878552671E9_2_443.0_3_10.0_,_0_6.0_1_1.878552671E9_2_443.0_3_10.0_,_0_6.0_1_1.878552671E9_2_443.0_3_10.0_,_0_6.0_1_1.878552671E9_2_443.0_3_10.0_,_0_1.0_1_1.91996575E9_2_80.0_3_10.0_,_0_1.0_1_1.91996575E9_2_80.0_3_10.0_,_0_1.0_1_1.91996575E9_2_80.0_3_10.0_,_0_1.0_1_1.91996575E9_2_80.0_3_10.0_,_0_7.0_1_1.805336866E9_2_80.0_3_10.0_,_0_7.0_1_1.805336866E9_2_80.0_3_10.0_,_0_7.0_1_1.805336866E9_2_80.0_3_10.0_,_0_7.0_1_1.805336866E9_2_80.0_3_10.0_,_0_7.0_1_1.805336866E9_2_80.0_3_10.0_,_0_7.0_1_1.805336866E9_2_80.0_3_10.0_,_0_7.0_1_1.805336866E9_2_80.0_3_10.0_,_0_7.0_1_1.805336866E9_2_80.0_3_10.0_,_0_7.0_1_1.805336866E9_2_80.0_3_10.0_,_0_7.0_1_1.805336866E9_2_80.0_3_10.0_,_0_7.0_1_1.805336866E9_2_80.0_3_10.0_,_0_7.0_1_1.805336866E9_2_80.0_3_10.0_,_0_7.0_1_1.805336866E9_2_80.0_3_10.0_,_0_7.0_1_1.805336866E9_2_80.0_3_10.0_,_0_7.0_1_1.805336866E9_2_80.0_3_10.0_,_0_7.0_1_1.805336866E9_2_80.0_3_10.0_,_0_7.0_1_1.805336866E9_2_80.0_3_10.0_,_0_7.0_1_1.805336866E9_2_80.0_3_10.0_,_0_7.0_1_1.805336866E9_2_80.0_3_10.0_,_0_7.0_1_1.805336866E9_2_80.0_3_10.0_,_0_7.0_1_1.805336866E9_2_80.0_3_10.0_,_0_7.0_1_1.805336866E9_2_80.0_3_10.0_,_0_7.0_1_1.805336866E9_2_80.0_3_10.0_,_0_7.0_1_1.805336866E9_2_80.0_3_10.0_,_0_7.0_1_1.805336866E9_2_80.0_3_10.0_,_0_7.0_1_1.805336866E9_2_80.0_3_10.0_,_0_8.0_1_1.866713897E9_2_80.0_3_10.0_,_0_8.0_1_1.866713897E9_2_80.0_3_10.0_
6,_0_10.0_1_3.547552124E9_2_80.0_3_10.0_,_0_10.0_1_3.547552124E9_2_80.0_3_10.0_,_0_11.0_1_3.547552124E9_2_80.0_3_10.0_,_0_11.0_1_3.547552124E9_2_80.0_3_10.0_,_0_11.0_1_3.547552124E9_2_80.0_3_10.0_,_0_11.0_1_3.547552124E9_2_80.0_3_10.0_,_0_11.0_1_3.547552124E9_2_80.0_3_10.0_,_0_11.0_1_3.547552124E9_2_80.0_3_10.0_,_0_11.0_1_3.547552124E9_2_80.0_3_10.0_,_0_11.0_1_3.547552124E9_2_80.0_3_10.0_,_0_11.0_1_3.547552124E9_2_80.0_3_10.0_,_0_11.0_1_3.547552124E9_2_80.0_3_10.0_,_0_11.0_1_3.547552124E9_2_80.0_3_10.0_,_0_11.0_1_3.547552124E9_2_80.0_3_10.0_,_0_11.0_1_3.547552124E9_2_80.0_3_10.0_,_0_11.0_1_3.547552124E9_2_80.0_3_10.0_,_0_11.0_1_3.547552124E9_2_80.0_3_10.0_,_0_11.0_1_3.547552124E9_2_80.0_3_10.0_,_0_11.0_1_3.547552124E9_2_80.0_3_10.0_,_0_11.0_1_3.547552124E9_2_80.0_3_10.0_,_0_11.0_1_3.547552124E9_2_80.0_3_10.0_,_0_11.0_1_3.547552124E9_2_80.0_3_10.0_,_0_11.0_1_3.547552124E9_2_80.0_3_10.0_,_0_11.0_1_3.547552124E9_2_80.0_3_10.0_,_0_11.0_1_3.547552124E9_2_80.0_3_10.0_,_0_11.0_1_3.547552124E9_2_80.0_3_10.0_,_0_14.0_1_3.528707258E9_2_80.0_3_10.0_,_0_14.0_1_3.528707258E9_2_80.0_3_10.0_,_0_14.0_1_3.528707258E9_2_80.0_3_10.0_,_0_14.0_1_3.528707258E9_2_80.0_3_10.0_,_0_13.0_1_3.514754636E9_2_80.0_3_10.0_,_0_13.0_1_3.514754636E9_2_80.0_3_10.0_,_0_13.0_1_3.514754636E9_2_80.0_3_10.0_,_0_13.0_1_3.514754636E9_2_80.0_3_10.0_,_0_9.0_1_3.524339297E9_2_80.0_3_10.0_,_0_9.0_1_3.524339297E9_2_80.0_3_10.0_,_0_9.0_1_3.524339297E9_2_80.0_3_10.0_,_0_9.0_1_3.524339297E9_2_80.0_3_10.0_,_0_12.0_1_3.524339417E9_2_80.0_3_10.0_,_0_12.0_1_3.524339417E9_2_80.0_3_10.0_,_0_12.0_1_3.524339417E9_2_80.0_3_10.0_,_0_12.0_1_3.524339417E9_2_80.0_3_10.0_,_0_18.0_1_3.545395559E9_2_80.0_3_10.0_,_0_18.0_1_3.545395559E9_2_80.0_3_10.0_,_0_21.0_1_3.583705208E9_2_443.0_3_10.0_,_0_21.0_1_3.583705208E9_2_443.0_3_10.0_,_0_22.0_1_3.583705208E9_2_443.0_3_10.0_,_0_22.0_1_3.583705208E9_2_443.0_3_10.0_,_0_22.0_1_3.583705208E9_2_443.0_3_10.0_,_0_12.0_1_3.558703919E9_2_80.0_3_10.0_,_0_12.0_1_3.558703919E9_2_80.0_3_10.0_,_0_12.0_1_3.558703919E9_2_80.0_3_10.0_,_0_12.0_1_3.558703919E9_2_80.0_3_10.0_,_0_22.0_1_3.583705208E9_2_443.0_3_10.0_,_0_22.0_1_3.583705208E9_2_443.0_3_10.0_,_0_23.0_1_3.583705208E9_2_443.0_3_10.0_,_0_23.0_1_3.583705208E9_2_443.0_3_10.0_,_0_23.0_1_3.583705208E9_2_443.0_3_10.0_,_0_21.0_1_3.583705208E9_2_443.0_3_10.0_,_0_21.0_1_3.583705208E9_2_443.0_3_10.0_,_0_22.0_1_3.583705208E9_2_443.0_3_10.0_,_0_22.0_1_3.583705208E9_2_443.0_3_10.0_,_0_22.0_1_3.583705208E9_2_443.0_3_10.0_,_0_23.0_1_3.583705208E9_2_443.0_3_10.0_,_0_23.0_1_3.583705208E9_2_443.0_3_10.0_,_1_3.583705208E9_2_443.0_3_10.0_,_1_3.583705208E9_2_443.0_3_10.0_,_1_3.583705208E9_2_443.0_3_10.0_,_0_22.0_1_3.583705208E9_2_443.0_3_10.0_,_0_22.0_1_3.583705208E9_2_443.0_3_10.0_,_0_23.0_1_3.583705208E9_2_443.0_3_10.0_,_0_23.0_1_3.583705208E9_2_443.0_3_10.0_,_0_23.0_1_3.583705208E9_2_443.0_3_10.0_,_0_23.0_1_3.583705208E9_2_443.0_3_10.0_,_0_23.0_1_3.583705208E9_2_443.0_3_10.0_,_1_3.583705208E9_2_443.0_3_10.0_,_1_3.583705208E9_2_443.0_3_10.0_,_1_3.583705208E9_2_443.0_3_10.0_,_0_8.0_1_3.524339417E9_2_80.0_3_10.0_,_0_8.0_1_3.524339417E9_2_80.0_3_10.0_,_0_8.0_1_3.524339417E9_2_80.0_3_10.0_,_0_8.0_1_3.524339417E9_2_80.0_3_10.0_,_0_11.0_1_3.583705208E9_2_443.0_3_10.0_,_0_11.0_1_3.583705208E9_2_443.0_3_10.0_,_0_12.0_1_3.583705208E9_2_443.0_3_10.0_,_0_12.0_1_3.583705208E9_2_443.0_3_10.0_,_0_12.0_1_3.583705208E9_2_443.0_3_10.0_,_0_13.0_1_3.545395559E9_2_80.0_3_10.0_,_0_13.0_1_3.545395559E9_2_80.0_3_10.0_
2,_0_8.0_1_3.425369346E9_2_53.0_3_5.0_,_0_8.0_1_3.425369346E9_2_53.0_3_5.0_,_0_8.0_1_3.425369346E9_2_53.0_3_5.0_,_0_8.0_1_3.425369346E9_2_53.0_3_5.0_
5,_0_18.0_1_3.396350783E9_2_53.0_3_5.0_,_0_20.0_1_3.39247317E9_2_80.0_3_10.0_,_0_20.0_1_3.39247317E9_2_80.0_3_10.0_,_0_20.0_1_3.396350783E9_2_53.0_3_5.0_,_0_7.0_1_3.39247317E9_2_80.0_3_10.0_,_0_7.0_1_3.39247317E9_2_80.0_3_10.0_,_0_7.0_1_3.39247317E9_2_80.0_3_10.0_,_0_7.0_1_3.39247317E9_2_80.0_3_10.0_,_0_19.0_1_3.361917079E9_2_80.0_3_10.0_,_0_19.0_1_3.361917079E9_2_80.0_3_10.0_,_0_19.0_1_3.361917079E9_2_80.0_3_10.0_,_0_19.0_1_3.361917079E9_2_80.0_3_10.0_,_1_3.39247317E9_2_80.0_3_10.0_,_1_3.39247317E9_2_80.0_3_10.0_,_1_3.39247317E9_2_80.0_3_10.0_,_1_3.39247317E9_2_80.0_3_10.0_,_0_10.0_1_3.39247317E9_2_80.0_3_10.0_,_0_10.0_1_3.39247317E9_2_80.0_3_10.0_,_0_10.0_1_3.39247317E9_2_80.0_3_10.0_,_0_10.0_1_3.39247317E9_2_80.0_3_10.0_
7,_0_20.0_1_3.331304885E9_2_80.0_3_10.0_,_0_20.0_1_3.331304885E9_2_80.0_3_10.0_,_1_3.344118766E9_2_443.0_3_10.0_,_1_3.344118766E9_2_443.0_3_10.0_,_0_1.0_1_3.344118766E9_2_443.0_3_10.0_,_0_1.0_1_3.344118766E9_2_443.0_3_10.0_,_0_1.0_1_3.344118766E9_2_443.0_3_10.0_,_0_16.0_1_3.323217226E9_2_53.0_3_10.0_,_0_16.0_1_3.323217226E9_2_53.0_3_10.0_,_0_16.0_1_3.323217226E9_2_53.0_3_5.0_,_0_16.0_1_3.331304885E9_2_443.0_3_10.0_,_0_16.0_1_3.331304885E9_2_443.0_3_10.0_,_0_20.0_1_3.323224962E9_2_443.0_3_10.0_,_0_20.0_1_3.323224962E9_2_443.0_3_10.0_,_0_22.0_1_3.323224962E9_2_443.0_3_10.0_,_0_22.0_1_3.323224962E9_2_443.0_3_10.0_,_0_22.0_1_3.323224962E9_2_443.0_3_10.0_,_0_11.0_1_3.322362163E9_2_53.0_3_5.0_,_0_19.0_1_3.276722946E9_2_80.0_3_10.0_,_0_19.0_1_3.276722946E9_2_80.0_3_10.0_,_0_19.0_1_3.276722946E9_2_80.0_3_10.0_,_0_19.0_1_3.276722946E9_2_80.0_3_10.0_,_0_3.0_1_3.32321725E9_2_80.0_3_10.0_,_0_3.0_1_3.32321725E9_2_80.0_3_10.0_,_0_3.0_1_3.32321725E9_2_80.0_3_10.0_,_0_3.0_1_3.32321725E9_2_80.0_3_10.0_,_0_3.0_1_3.32321725E9_2_80.0_3_10.0_,_0_3.0_1_3.32321725E9_2_80.0_3_10.0_,_0_3.0_1_3.32321725E9_2_80.0_3_10.0_,_0_3.0_1_3.32321725E9_2_80.0_3_10.0_,_0_3.0_1_3.32321725E9_2_80.0_3_10.0_,_0_3.0_1_3.32321725E9_2_80.0_3_10.0_,_0_14.0_1_3.22656843E9_2_80.0_3_10.0_,_0_14.0_1_3.22656843E9_2_80.0_3_10.0_,_0_17.0_1_3.331304885E9_2_443.0_3_10.0_,_0_17.0_1_3.331304885E9_2_443.0_3_10.0_,_0_1.0_1_3.32321725E9_2_53.0_3_10.0_,_0_1.0_1_3.32321725E9_2_53.0_3_10.0_,_0_1.0_1_3.32321725E9_2_53.0_3_5.0_
10,_0_5.0_1_3.662499618E9_2_80.0_3_10.0_,_0_5.0_1_3.662499618E9_2_80.0_3_10.0_,_0_7.0_1_3.662499618E9_2_443.0_3_10.0_,_0_7.0_1_3.662499618E9_2_443.0_3_10.0_,_0_16.0_1_3.662422862E9_2_443.0_3_10.0_,_0_16.0_1_3.662422862E9_2_443.0_3_10.0_,_0_2.0_1_3.662499618E9_2_443.0_3_10.0_,_0_2.0_1_3.662499618E9_2_443.0_3_10.0_,_0_11.0_1_3.680137861E9_2_80.0_3_10.0_,_0_11.0_1_3.680137861E9_2_80.0_3_10.0_,_0_17.0_1_3.662499618E9_2_80.0_3_10.0_,_0_17.0_1_3.662499618E9_2_80.0_3_10.0_,_0_20.0_1_3.662499618E9_2_443.0_3_10.0_,_0_20.0_1_3.662499618E9_2_443.0_3_10.0_,_0_13.0_1_3.662499618E9_2_80.0_3_10.0_,_0_13.0_1_3.662499618E9_2_80.0_3_10.0_,_0_17.0_1_3.662499618E9_2_443.0_3_10.0_,_0_17.0_1_3.662499618E9_2_443.0_3_10.0_,_0_8.0_1_3.662499618E9_2_80.0_3_10.0_,_0_8.0_1_3.662499618E9_2_80.0_3_10.0_,_0_9.0_1_3.663714664E9_2_80.0_3_10.0_,_0_9.0_1_3.663714664E9_2_80.0_3_10.0_,_0_9.0_1_3.663714664E9_2_80.0_3_10.0_,_0_9.0_1_3.663714664E9_2_80.0_3_10.0_,_0_11.0_1_3.662499618E9_2_443.0_3_10.0_,_0_11.0_1_3.662499618E9_2_443.0_3_10.0_,_0_21.0_1_3.663714663E9_2_80.0_3_10.0_,_0_21.0_1_3.663714663E9_2_80.0_3_10.0_,_0_2.0_1_3.662499618E9_2_80.0_3_10.0_,_0_2.0_1_3.662499618E9_2_80.0_3_10.0_,_0_4.0_1_3.625473877E9_2_80.0_3_10.0_,_0_4.0_1_3.625473877E9_2_80.0_3_10.0_,_0_4.0_1_3.625473877E9_2_80.0_3_10.0_,_0_4.0_1_3.625473877E9_2_80.0_3_10.0_,_0_4.0_1_3.625473877E9_2_80.0_3_10.0_,_0_4.0_1_3.625473877E9_2_80.0_3_10.0_,_0_4.0_1_3.625473877E9_2_80.0_3_10.0_,_0_4.0_1_3.662499618E9_2_443.0_3_10.0_,_0_4.0_1_3.662499618E9_2_443.0_3_10.0_,_0_22.0_1_3.662499618E9_2_80.0_3_10.0_,_0_22.0_1_3.662499618E9_2_80.0_3_10.0_,_1_3.662499618E9_2_443.0_3_10.0_,_1_3.662499618E9_2_443.0_3_10.0_,_0_4.0_1_3.673200452E9_2_80.0_3_10.0_,_0_4.0_1_3.673200452E9_2_80.0_3_10.0_,_0_18.0_1_3.662499618E9_2_80.0_3_10.0_,_0_18.0_1_3.662499618E9_2_80.0_3_10.0_,_0_19.0_1_3.662499618E9_2_443.0_3_10.0_,_0_19.0_1_3.662499618E9_2_443.0_3_10.0_,_0_3.0_1_3.662422862E9_2_53.0_3_5.0_,_0_11.0_1_3.658882907E9_2_80.0_3_10.0_,_0_11.0_1_3.658882907E9_2_80.0_3_10.0_,_0_11.0_1_3.658882907E9_2_80.0_3_10.0_,_0_11.0_1_3.658882907E9_2_80.0_3_10.0_,_0_13.0_1_3.662499618E9_2_80.0_3_10.0_,_0_13.0_1_3.662499618E9_2_80.0_3_10.0_,_0_15.0_1_3.662499618E9_2_443.0_3_10.0_,_0_15.0_1_3.662499618E9_2_443.0_3_10.0_,_0_7.0_1_3.662499618E9_2_80.0_3_10.0_,_0_7.0_1_3.662499618E9_2_80.0_3_10.0_,_0_9.0_1_3.662499618E9_2_443.0_3_10.0_,_0_9.0_1_3.662499618E9_2_443.0_3_10.0_,_0_3.0_1_3.662499618E9_2_80.0_3_10.0_,_0_3.0_1_3.662499618E9_2_80.0_3_10.0_,_0_4.0_1_3.662499618E9_2_443.0_3_10.0_,_0_4.0_1_3.662499618E9_2_443.0_3_10.0_,_0_22.0_1_3.662499618E9_2_80.0_3_10.0_,_0_22.0_1_3.662499618E9_2_80.0_3_10.0_,_0_23.0_1_3.662499618E9_2_443.0_3_10.0_,_0_23.0_1_3.662499618E9_2_443.0_3_10.0_,_0_15.0_1_3.662499618E9_2_80.0_3_10.0_,_0_15.0_1_3.662499618E9_2_80.0_3_10.0_,_0_16.0_1_3.658588182E9_2_80.0_3_10.0_,_0_16.0_1_3.658588182E9_2_80.0_3_10.0_,_0_20.0_1_3.662499618E9_2_443.0_3_10.0_,_0_20.0_1_3.662499618E9_2_443.0_3_10.0_,_0_12.0_1_3.662499618E9_2_80.0_3_10.0_,_0_12.0_1_3.662499618E9_2_80.0_3_10.0_,_0_14.0_1_3.662499618E9_2_443.0_3_10.0_,_0_14.0_1_3.662499618E9_2_443.0_3_10.0_,_0_5.0_1_3.662499618E9_2_80.0_3_10.0_,_0_5.0_1_3.662499618E9_2_80.0_3_10.0_,_0_9.0_1_3.662499618E9_2_443.0_3_10.0_,_0_9.0_1_3.662499618E9_2_443.0_3_10.0_,_1_3.662499618E9_2_80.0_3_10.0_,_1_3.662499618E9_2_80.0_3_10.0_,_0_5.0_1_3.662499618E9_2_443.0_3_10.0_,_0_5.0_1_3.662499618E9_2_443.0_3_10.0_,_0_11.0_1_3.662499618E9_2_80.0_3_10.0_,_0_11.0_1_3.662499618E9_2_80.0_3_10.0_,_0_11.0_1_3.662499618E9_2_443.0_3_10.0_,_0_11.0_1_3.662499618E9_2_443.0_3_10.0_,_0_3.0_1_3.662499618E9_2_80.0_3_10.0_,_0_3.0_1_3.662499618E9_2_80.0_3_10.0_,_0_6.0_1_3.662499618E9_2_443.0_3_10.0_,_0_6.0_1_3.662499618E9_2_443.0_3_10.0_,_0_19.0_1_3.659274478E9_2_80.0_3_10.0_,_0_19.0_1_3.659274478E9_2_80.0_3_10.0_,_0_20.0_1_3.662499618E9_2_80.0_3_10.0_,_0_20.0_1_3.662499618E9_2_80.0_3_10.0_
1,_0_2.0_1_3.413028757E9_2_80.0_3_10.0_,_0_2.0_1_3.413028757E9_2_80.0_3_10.0_,_0_2.0_1_3.413028757E9_2_80.0_3_10.0_,_0_2.0_1_3.413028757E9_2_80.0_3_10.0_
8,_0_17.0_1_3.417402628E9_2_68.0_3_5.0_,_0_17.0_1_3.417402628E9_2_68.0_3_5.0_,_0_17.0_1_3.417402628E9_2_68.0_3_5.0_,_0_17.0_1_3.417402628E9_2_68.0_3_5.0_,_0_17.0_1_3.417402628E9_2_68.0_3_5.0_,_0_17.0_1_3.417402628E9_2_68.0_3_5.0_,_0_17.0_1_3.417402628E9_2_68.0_3_5.0_,_0_17.0_1_3.417402628E9_2_68.0_3_5.0_,_0_17.0_1_3.417402628E9_2_68.0_3_5.0_,_0_17.0_1_3.417402628E9_2_68.0_3_5.0_,_0_17.0_1_3.417402628E9_2_68.0_3_5.0_,_0_17.0_1_3.417402628E9_2_68.0_3_5.0_,_0_17.0_1_3.417402628E9_2_68.0_3_5.0_,_0_17.0_1_3.417402628E9_2_68.0_3_5.0_,_0_17.0_1_3.417402628E9_2_68.0_3_5.0_,_0_17.0_1_3.417402628E9_2_68.0_3_5.0_,_0_17.0_1_3.417402628E9_2_68.0_3_5.0_,_0_17.0_1_3.417402628E9_2_68.0_3_5.0_,_0_17.0_1_3.417402628E9_2_68.0_3_5.0_,_0_17.0_1_3.417402628E9_2_68.0_3_5.0_,_0_17.0_1_3.417402628E9_2_68.0_3_5.0_
16,_0_3.0_1_1.652481762E9_2_53.0_3_5.0_,_0_13.0_1_1.434745589E9_2_80.0_3_10.0_,_0_13.0_1_1.434745589E9_2_80.0_3_10.0_,_0_4.0_1_1.604808429E9_2_80.0_3_10.0_,_0_4.0_1_1.604808429E9_2_80.0_3_10.0_,_0_4.0_1_1.604808429E9_2_80.0_3_10.0_,_0_4.0_1_1.604808429E9_2_80.0_3_10.0_,_0_20.0_1_1.534661662E9_2_80.0_3_10.0_,_0_20.0_1_1.534661662E9_2_80.0_3_10.0_,_0_21.0_1_1.534661662E9_2_80.0_3_10.0_,_0_21.0_1_1.534661662E9_2_80.0_3_10.0_,_0_21.0_1_1.534661662E9_2_80.0_3_10.0_,_0_21.0_1_1.534661662E9_2_80.0_3_10.0_,_0_21.0_1_1.534661662E9_2_80.0_3_10.0_,_0_21.0_1_1.534661662E9_2_80.0_3_10.0_,_0_21.0_1_1.534661662E9_2_80.0_3_10.0_,_0_21.0_1_1.534661662E9_2_80.0_3_10.0_,_0_21.0_1_1.534661662E9_2_80.0_3_10.0_,_0_21.0_1_1.534661662E9_2_80.0_3_10.0_,_0_21.0_1_1.534661662E9_2_80.0_3_10.0_,_0_21.0_1_1.534661662E9_2_80.0_3_10.0_,_0_21.0_1_1.534661662E9_2_80.0_3_10.0_,_0_21.0_1_1.534661662E9_2_80.0_3_10.0_,_0_21.0_1_1.534661662E9_2_80.0_3_10.0_,_0_21.0_1_1.534661662E9_2_80.0_3_10.0_,_0_21.0_1_1.534661662E9_2_80.0_3_10.0_,_0_21.0_1_1.534661662E9_2_80.0_3_10.0_,_0_21.0_1_1.534661662E9_2_80.0_3_10.0_,_0_21.0_1_1.534661662E9_2_80.0_3_10.0_,_0_21.0_1_1.534661662E9_2_80.0_3_10.0_,_0_21.0_1_1.534661662E9_2_80.0_3_10.0_,_0_21.0_1_1.534661662E9_2_80.0_3_10.0_,_0_21.0_1_1.534661662E9_2_80.0_3_10.0_,_0_15.0_1_1.563677042E9_2_80.0_3_10.0_,_0_15.0_1_1.563677042E9_2_80.0_3_10.0_,_0_15.0_1_1.563677042E9_2_80.0_3_10.0_,_0_15.0_1_1.563677042E9_2_80.0_3_10.0_,_1_1.583759342E9_2_53.0_3_5.0_,_0_1.0_1_1.583759106E9_2_53.0_3_5.0_,_0_1.0_1_1.509466852E9_2_53.0_3_5.0_,_0_2.0_1_1.440146523E9_2_443.0_3_10.0_,_0_2.0_1_1.440146523E9_2_443.0_3_10.0_,_0_3.0_1_1.440146523E9_2_443.0_3_10.0_,_0_3.0_1_1.440146523E9_2_443.0_3_10.0_,_0_3.0_1_1.440146523E9_2_443.0_3_10.0_,_0_1.0_1_1.56715044E9_2_80.0_3_10.0_,_0_1.0_1_1.56715044E9_2_80.0_3_10.0_,_0_11.0_1_1.38731268E9_2_80.0_3_10.0_,_0_11.0_1_1.38731268E9_2_80.0_3_10.0_,_0_11.0_1_1.38731268E9_2_80.0_3_10.0_,_0_11.0_1_1.38731268E9_2_80.0_3_10.0_,_0_11.0_1_1.38731268E9_2_80.0_3_10.0_,_0_11.0_1_1.38731268E9_2_80.0_3_10.0_,_0_11.0_1_1.38731268E9_2_80.0_3_10.0_,_0_12.0_1_1.408031962E9_2_80.0_3_10.0_,_0_12.0_1_1.408031962E9_2_80.0_3_10.0_,_0_12.0_1_1.408031962E9_2_80.0_3_10.0_,_0_12.0_1_1.408031962E9_2_80.0_3_10.0_,_0_15.0_1_1.582091353E9_2_80.0_3_10.0_,_0_15.0_1_1.582091353E9_2_80.0_3_10.0_,_0_16.0_1_1.440146523E9_2_443.0_3_10.0_,_0_16.0_1_1.440146523E9_2_443.0_3_10.0_,_0_19.0_1_1.347571286E9_2_53.0_3_5.0_,_0_19.0_1_1.440146523E9_2_443.0_3_10.0_,_0_19.0_1_1.440146523E9_2_443.0_3_10.0_,_0_19.0_1_1.440146523E9_2_443.0_3_10.0_,_0_5.0_1_1.578641466E9_2_443.0_3_10.0_,_0_5.0_1_1.578641466E9_2_443.0_3_10.0_,_0_11.0_1_1.390242055E9_2_53.0_3_10.0_,_0_11.0_1_1.390242055E9_2_53.0_3_10.0_,_0_22.0_1_1.607706759E9_2_443.0_3_10.0_,_0_22.0_1_1.607706759E9_2_443.0_3_10.0_,_1_1.578641466E9_2_443.0_3_10.0_,_1_1.578641466E9_2_443.0_3_10.0_,_0_4.0_1_1.347567885E9_2_53.0_3_5.0_,_1_1.578641466E9_2_443.0_3_10.0_,_1_1.578641466E9_2_443.0_3_10.0_,_1_1.578641466E9_2_443.0_3_10.0_,_0_4.0_1_1.360102622E9_2_53.0_3_5.0_,_0_5.0_1_1.390242054E9_2_53.0_3_10.0_,_0_5.0_1_1.390242054E9_2_53.0_3_10.0_,_0_8.0_1_1.546269561E9_2_80.0_3_10.0_,_0_8.0_1_1.546269561E9_2_80.0_3_10.0_,_0_8.0_1_1.546269561E9_2_80.0_3_10.0_,_0_8.0_1_1.546269561E9_2_80.0_3_10.0_,_0_10.0_1_1.347571266E9_2_53.0_3_5.0_,_0_11.0_1_1.358150548E9_2_80.0_3_10.0_,_0_11.0_1_1.358150548E9_2_80.0_3_10.0_,_0_15.0_1_1.652130574E9_2_80.0_3_10.0_,_0_15.0_1_1.652130574E9_2_80.0_3_10.0_,_0_15.0_1_1.652130574E9_2_80.0_3_10.0_,_0_15.0_1_1.652130574E9_2_80.0_3_10.0_,_0_15.0_1_1.652130574E9_2_80.0_3_10.0_,_0_15.0_1_1.652130574E9_2_80.0_3_10.0_,_0_15.0_1_1.652130574E9_2_80.0_3_10.0_,_1_1.360102622E9_2_53.0_3_5.0_,_0_5.0_1_1.486272114E9_2_80.0_3_10.0_,_0_5.0_1_1.486272114E9_2_80.0_3_10.0_,_0_6.0_1_1.486272114E9_2_80.0_3_10.0_,_0_6.0_1_1.486272114E9_2_80.0_3_10.0_,_0_6.0_1_1.486272114E9_2_80.0_3_10.0_,_0_6.0_1_1.486272114E9_2_80.0_3_10.0_,_0_15.0_1_1.361901324E9_2_80.0_3_10.0_,_0_15.0_1_1.361901324E9_2_80.0_3_10.0_,_0_15.0_1_1.361901324E9_2_80.0_3_10.0_,_0_15.0_1_1.361901324E9_2_80.0_3_10.0_,_0_22.0_1_1.33300889E9_2_80.0_3_10.0_,_0_22.0_1_1.33300889E9_2_80.0_3_10.0_,_0_22.0_1_1.33300889E9_2_80.0_3_10.0_,_0_22.0_1_1.33300889E9_2_80.0_3_10.0_,_0_22.0_1_1.33300889E9_2_80.0_3_10.0_,_0_22.0_1_1.33300889E9_2_80.0_3_10.0_,_0_22.0_1_1.33300889E9_2_80.0_3_10.0_,_1_1.668009636E9_2_443.0_3_10.0_,_1_1.668009636E9_2_443.0_3_10.0_,_1_1.668009636E9_2_443.0_3_10.0_,_0_11.0_1_1.651943708E9_2_80.0_3_10.0_,_0_11.0_1_1.651943708E9_2_80.0_3_10.0_,_0_11.0_1_1.651943708E9_2_80.0_3_10.0_,_0_11.0_1_1.651943708E9_2_80.0_3_10.0_,_0_3.0_1_1.390242054E9_2_53.0_3_10.0_,_0_3.0_1_1.390242054E9_2_53.0_3_10.0_,_0_8.0_1_1.607706759E9_2_443.0_3_10.0_,_0_8.0_1_1.607706759E9_2_443.0_3_10.0_,_0_8.0_1_1.607706759E9_2_443.0_3_10.0_,_0_18.0_1_1.466095884E9_2_80.0_3_10.0_,_0_18.0_1_1.466095884E9_2_80.0_3_10.0_,_0_18.0_1_1.466095884E9_2_80.0_3_10.0_,_0_18.0_1_1.466095884E9_2_80.0_3_10.0_,_0_18.0_1_1.432693901E9_2_80.0_3_10.0_,_0_18.0_1_1.432693901E9_2_80.0_3_10.0_,_0_18.0_1_1.432693901E9_2_80.0_3_10.0_,_0_18.0_1_1.432693901E9_2_80.0_3_10.0_,_0_2.0_1_1.50946631E9_2_53.0_3_5.0_,_0_12.0_1_1.347567746E9_2_443.0_3_10.0_,_0_12.0_1_1.347567746E9_2_443.0_3_10.0_,_0_12.0_1_1.347567746E9_2_443.0_3_10.0_,_0_12.0_1_1.347567746E9_2_443.0_3_10.0_,_0_12.0_1_1.347567746E9_2_443.0_3_10.0_,_0_16.0_1_1.559250072E9_2_80.0_3_10.0_,_0_16.0_1_1.559250072E9_2_80.0_3_10.0_,_0_16.0_1_1.559250072E9_2_80.0_3_10.0_
14,_0_23.0_1_9.19064807E8_2_80.0_3_10.0_,_0_23.0_1_9.19064807E8_2_80.0_3_10.0_,_0_23.0_1_9.19064807E8_2_80.0_3_10.0_,_0_23.0_1_9.19064807E8_2_80.0_3_10.0_,_0_14.0_1_9.19071227E8_2_80.0_3_10.0_,_0_14.0_1_9.19071227E8_2_80.0_3_10.0_,_0_2.0_1_6.36953695E8_2_443.0_3_10.0_,_0_2.0_1_6.36953695E8_2_443.0_3_10.0_,_0_2.0_1_6.36953695E8_2_443.0_3_10.0_,_0_17.0_1_9.18181764E8_2_443.0_3_10.0_,_0_17.0_1_9.18181764E8_2_443.0_3_10.0_,_0_17.0_1_9.18181764E8_2_443.0_3_10.0_,_0_15.0_1_6.35282015E8_2_53.0_3_5.0_,_0_14.0_1_9.21793314E8_2_80.0_3_10.0_,_0_14.0_1_9.21793314E8_2_80.0_3_10.0_,_0_14.0_1_9.21793314E8_2_80.0_3_10.0_,_0_14.0_1_9.21793314E8_2_80.0_3_10.0_,_0_14.0_1_9.20374158E8_2_80.0_3_10.0_,_0_14.0_1_9.20374158E8_2_80.0_3_10.0_,_0_14.0_1_9.20374158E8_2_80.0_3_10.0_,_0_14.0_1_9.20374158E8_2_80.0_3_10.0_,_0_20.0_1_9.22090418E8_2_80.0_3_10.0_,_0_20.0_1_9.22090418E8_2_80.0_3_10.0_,_0_20.0_1_9.22090418E8_2_80.0_3_10.0_,_0_20.0_1_9.22090418E8_2_80.0_3_10.0_,_0_14.0_1_8.31705142E8_2_80.0_3_10.0_,_0_14.0_1_8.31705142E8_2_80.0_3_10.0_,_0_14.0_1_8.31705142E8_2_80.0_3_10.0_,_0_14.0_1_8.31705142E8_2_80.0_3_10.0_,_0_14.0_1_8.31705142E8_2_80.0_3_10.0_,_0_14.0_1_8.31705142E8_2_80.0_3_10.0_,_0_14.0_1_8.31705142E8_2_80.0_3_10.0_,_0_14.0_1_8.31705142E8_2_80.0_3_10.0_,_0_14.0_1_8.31705142E8_2_80.0_3_10.0_,_0_14.0_1_8.31705142E8_2_80.0_3_10.0_,_0_14.0_1_8.31705142E8_2_80.0_3_10.0_,_0_14.0_1_8.31705142E8_2_80.0_3_10.0_,_0_19.0_1_9.18162984E8_2_80.0_3_10.0_,_0_19.0_1_9.18162984E8_2_80.0_3_10.0_,_0_19.0_1_9.18162984E8_2_80.0_3_10.0_,_0_19.0_1_9.18162984E8_2_80.0_3_10.0_,_0_21.0_1_6.35281533E8_2_53.0_3_5.0_,_0_18.0_1_9.10706036E8_2_443.0_3_10.0_,_0_18.0_1_9.10706036E8_2_443.0_3_10.0_,_0_18.0_1_9.10706036E8_2_443.0_3_10.0_,_0_8.0_1_9.20100279E8_2_80.0_3_10.0_,_0_8.0_1_9.20100279E8_2_80.0_3_10.0_,_0_8.0_1_9.20100279E8_2_80.0_3_10.0_,_0_8.0_1_9.20100279E8_2_80.0_3_10.0_,_0_10.0_1_6.33026079E8_2_80.0_3_10.0_,_0_10.0_1_6.33026079E8_2_80.0_3_10.0_,_0_10.0_1_6.33026079E8_2_80.0_3_10.0_,_0_10.0_1_6.33026079E8_2_80.0_3_10.0_
9,_0_16.0_1_3.417402628E9_2_68.0_3_5.0_,_0_16.0_1_3.417402628E9_2_68.0_3_5.0_,_0_16.0_1_3.417402628E9_2_68.0_3_5.0_,_0_16.0_1_3.417402628E9_2_68.0_3_5.0_,_0_16.0_1_3.417402628E9_2_68.0_3_5.0_,_0_16.0_1_3.417402628E9_2_68.0_3_5.0_,_0_16.0_1_3.417402628E9_2_68.0_3_5.0_,_0_16.0_1_3.417402628E9_2_68.0_3_5.0_,_0_16.0_1_3.417402628E9_2_68.0_3_5.0_,_0_16.0_1_3.417402628E9_2_68.0_3_5.0_,_0_16.0_1_3.417402628E9_2_68.0_3_5.0_,_0_16.0_1_3.417402628E9_2_68.0_3_5.0_,_0_16.0_1_3.417402628E9_2_68.0_3_5.0_,_0_16.0_1_3.417402628E9_2_68.0_3_5.0_,_0_16.0_1_3.417402628E9_2_68.0_3_5.0_,_0_16.0_1_3.417402628E9_2_68.0_3_5.0_,_0_16.0_1_3.417402628E9_2_68.0_3_5.0_,_0_16.0_1_3.417402628E9_2_68.0_3_5.0_,_0_16.0_1_3.417402628E9_2_68.0_3_5.0_,_0_16.0_1_3.417402628E9_2_68.0_3_5.0_,_0_16.0_1_3.417402628E9_2_68.0_3_5.0_,_0_16.0_1_3.417402628E9_2_68.0_3_5.0_,_0_16.0_1_3.417402628E9_2_68.0_3_5.0_,_0_16.0_1_3.417402628E9_2_68.0_3_5.0_,_0_16.0_1_3.417402628E9_2_68.0_3_5.0_,_0_16.0_1_3.417402628E9_2_68.0_3_5.0_,_0_16.0_1_3.417402628E9_2_68.0_3_5.0_,_0_16.0_1_3.417402628E9_2_68.0_3_5.0_,_0_16.0_1_3.417402628E9_2_68.0_3_5.0_,_0_16.0_1_3.417402628E9_2_68.0_3_5.0_,_0_16.0_1_3.417402628E9_2_68.0_3_5.0_,_0_16.0_1_3.417402628E9_2_68.0_3_5.0_,_0_16.0_1_3.417402628E9_2_68.0_3_5.0_,_0_16.0_1_3.417402628E9_2_68.0_3_5.0_,_0_16.0_1_3.417402628E9_2_68.0_3_5.0_,_0_16.0_1_3.417402628E9_2_68.0_3_5.0_,_0_16.0_1_3.417402628E9_2_68.0_3_5.0_,_0_16.0_1_3.417402628E9_2_68.0_3_5.0_
11,_0_19.0_1_3.735096405E9_2_80.0_3_10.0_,_0_19.0_1_3.735096405E9_2_80.0_3_10.0_,_0_16.0_1_3.707337779E9_2_80.0_3_10.0_,_0_16.0_1_3.707337779E9_2_80.0_3_10.0_,_0_11.0_1_3.721439415E9_2_80.0_3_10.0_,_0_11.0_1_3.721439415E9_2_80.0_3_10.0_,_0_1.0_1_3.726839835E9_2_80.0_3_10.0_,_0_1.0_1_3.726839835E9_2_80.0_3_10.0_,_0_15.0_1_3.702890158E9_2_80.0_3_10.0_,_0_15.0_1_3.702890158E9_2_80.0_3_10.0_,_0_20.0_1_3.701803145E9_2_80.0_3_10.0_,_0_20.0_1_3.701803145E9_2_80.0_3_10.0_,_0_20.0_1_3.701803145E9_2_80.0_3_10.0_,_0_20.0_1_3.701803145E9_2_80.0_3_10.0_,_0_6.0_1_3.732705628E9_2_80.0_3_10.0_,_0_6.0_1_3.732705628E9_2_80.0_3_10.0_,_0_6.0_1_3.732705628E9_2_80.0_3_10.0_,_0_6.0_1_3.732705628E9_2_80.0_3_10.0_,_0_12.0_1_3.702890158E9_2_80.0_3_10.0_,_0_12.0_1_3.702890158E9_2_80.0_3_10.0_,_0_12.0_1_3.702890158E9_2_80.0_3_10.0_,_0_12.0_1_3.702890158E9_2_80.0_3_10.0_,_0_19.0_1_3.736746938E9_2_80.0_3_10.0_,_0_19.0_1_3.736746938E9_2_80.0_3_10.0_
3,_0_13.0_1_3.417402628E9_2_68.0_3_5.0_,_0_13.0_1_3.417402628E9_2_68.0_3_5.0_,_0_13.0_1_3.417402628E9_2_68.0_3_5.0_,_0_13.0_1_3.417402628E9_2_68.0_3_5.0_,_0_13.0_1_3.417402628E9_2_68.0_3_5.0_,_0_13.0_1_3.417402628E9_2_68.0_3_5.0_,_0_14.0_1_3.417402628E9_2_68.0_3_5.0_,_0_14.0_1_3.417402628E9_2_68.0_3_5.0_,_0_14.0_1_3.417402628E9_2_68.0_3_5.0_,_0_14.0_1_3.417402628E9_2_68.0_3_5.0_,_0_14.0_1_3.417402628E9_2_68.0_3_5.0_,_0_14.0_1_3.417402628E9_2_68.0_3_5.0_,_0_12.0_1_3.417402628E9_2_68.0_3_5.0_,_0_12.0_1_3.417402628E9_2_68.0_3_5.0_,_0_12.0_1_3.417402628E9_2_68.0_3_5.0_,_0_13.0_1_3.417402628E9_2_68.0_3_5.0_,_0_13.0_1_3.417402628E9_2_68.0_3_5.0_,_0_13.0_1_3.417402628E9_2_68.0_3_5.0_,_0_13.0_1_3.417402628E9_2_68.0_3_5.0_,_0_13.0_1_3.417402628E9_2_68.0_3_5.0_,_0_13.0_1_3.417402628E9_2_68.0_3_5.0_,_0_14.0_1_3.417402628E9_2_68.0_3_5.0_,_0_14.0_1_3.417402628E9_2_68.0_3_5.0_,_0_14.0_1_3.417402628E9_2_68.0_3_5.0_,_0_14.0_1_3.417402628E9_2_68.0_3_5.0_,_0_14.0_1_3.417402628E9_2_68.0_3_5.0_,_0_14.0_1_3.417402628E9_2_68.0_3_5.0_,_0_14.0_1_3.417402628E9_2_68.0_3_5.0_,_0_14.0_1_3.417402628E9_2_68.0_3_5.0_,_0_14.0_1_3.417402628E9_2_68.0_3_5.0_,_0_14.0_1_3.417402628E9_2_68.0_3_5.0_,_0_14.0_1_3.417402628E9_2_68.0_3_5.0_,_0_14.0_1_3.417402628E9_2_68.0_3_5.0_,_0_14.0_1_3.417402628E9_2_68.0_3_5.0_,_0_14.0_1_3.417402628E9_2_68.0_3_5.0_,_0_14.0_1_3.417402628E9_2_68.0_3_5.0_,_0_13.0_1_3.417402628E9_2_68.0_3_5.0_,_0_13.0_1_3.417402628E9_2_68.0_3_5.0_,_0_13.0_1_3.417402628E9_2_68.0_3_5.0_,_0_13.0_1_3.417402628E9_2_68.0_3_5.0_,_0_13.0_1_3.417402628E9_2_68.0_3_5.0_,_0_13.0_1_3.417402628E9_2_68.0_3_5.0_,_0_13.0_1_3.417402628E9_2_68.0_3_5.0_,_0_14.0_1_3.417402628E9_2_68.0_3_5.0_,_0_14.0_1_3.417402628E9_2_68.0_3_5.0_,_0_14.0_1_3.417402628E9_2_68.0_3_5.0_,_0_14.0_1_3.417402628E9_2_68.0_3_5.0_,_0_14.0_1_3.417402628E9_2_68.0_3_5.0_,_0_14.0_1_3.417402628E9_2_68.0_3_5.0_,_0_14.0_1_3.417402628E9_2_68.0_3_5.0_,_0_14.0_1_3.417402628E9_2_68.0_3_5.0_,_0_14.0_1_3.417402628E9_2_68.0_3_5.0_,_0_14.0_1_3.417402628E9_2_68.0_3_5.0_,_0_14.0_1_3.417402628E9_2_68.0_3_5.0_,_0_14.0_1_3.417402628E9_2_68.0_3_5.0_,_0_14.0_1_3.417402628E9_2_68.0_3_5.0_,_0_14.0_1_3.417402628E9_2_68.0_3_5.0_,_0_14.0_1_3.417402628E9_2_68.0_3_5.0_,_0_14.0_1_3.417402628E9_2_68.0_3_5.0_,_0_14.0_1_3.417402628E9_2_68.0_3_5.0_,_0_14.0_1_3.417402628E9_2_68.0_3_5.0_,_0_11.0_1_3.417402628E9_2_68.0_3_5.0_,_0_11.0_1_3.417402628E9_2_68.0_3_5.0_,_0_11.0_1_3.417402628E9_2_68.0_3_5.0_,_0_11.0_1_3.417402628E9_2_68.0_3_5.0_,_0_11.0_1_3.417402628E9_2_68.0_3_5.0_,_0_12.0_1_3.417402628E9_2_68.0_3_5.0_,_0_12.0_1_3.417402628E9_2_68.0_3_5.0_,_0_12.0_1_3.417402628E9_2_68.0_3_5.0_,_0_13.0_1_3.417402628E9_2_68.0_3_5.0_,_0_13.0_1_3.417402628E9_2_68.0_3_5.0_,_0_13.0_1_3.417402628E9_2_68.0_3_5.0_,_0_13.0_1_3.417402628E9_2_68.0_3_5.0_,_0_13.0_1_3.417402628E9_2_68.0_3_5.0_,_0_13.0_1_3.417402628E9_2_68.0_3_5.0_,_0_13.0_1_3.417402628E9_2_68.0_3_5.0_,_0_13.0_1_3.417402628E9_2_68.0_3_5.0_,_0_13.0_1_3.417402628E9_2_68.0_3_5.0_,_0_13.0_1_3.417402628E9_2_68.0_3_5.0_,_0_13.0_1_3.417402628E9_2_68.0_3_5.0_,_0_13.0_1_3.417402628E9_2_68.0_3_5.0_,_0_13.0_1_3.417402628E9_2_68.0_3_5.0_,_0_13.0_1_3.417402628E9_2_68.0_3_5.0_,_0_14.0_1_3.417402628E9_2_68.0_3_5.0_,_0_14.0_1_3.417402628E9_2_68.0_3_5.0_,_0_14.0_1_3.417402628E9_2_68.0_3_5.0_,_0_14.0_1_3.417402628E9_2_68.0_3_5.0_,_0_14.0_1_3.417402628E9_2_68.0_3_5.0_,_0_14.0_1_3.417402628E9_2_68.0_3_5.0_,_0_14.0_1_3.417402628E9_2_68.0_3_5.0_,_0_14.0_1_3.417402628E9_2_68.0_3_5.0_,_0_14.0_1_3.417402628E9_2_68.0_3_5.0_,_0_14.0_1_3.417402628E9_2_68.0_3_5.0_,_0_14.0_1_3.417402628E9_2_68.0_3_5.0_,_0_14.0_1_3.417402628E9_2_68.0_3_5.0_,_0_14.0_1_3.417402628E9_2_68.0_3_5.0_
4,_0_15.0_1_3.417402628E9_2_68.0_3_5.0_,_0_15.0_1_3.417402628E9_2_68.0_3_5.0_,_0_15.0_1_3.417402628E9_2_68.0_3_5.0_,_0_15.0_1_3.417402628E9_2_68.0_3_5.0_,_0_15.0_1_3.417402628E9_2_68.0_3_5.0_,_0_15.0_1_3.417402628E9_2_68.0_3_5.0_,_0_15.0_1_3.417402628E9_2_68.0_3_5.0_,_0_15.0_1_3.417402628E9_2_68.0_3_5.0_,_0_15.0_1_3.417402628E9_2_68.0_3_5.0_,_0_15.0_1_3.417402628E9_2_68.0_3_5.0_,_0_15.0_1_3.417402628E9_2_68.0_3_5.0_,_0_15.0_1_3.417402628E9_2_68.0_3_5.0_,_0_15.0_1_3.417402628E9_2_68.0_3_5.0_,_0_15.0_1_3.417402628E9_2_68.0_3_5.0_,_0_15.0_1_3.417402628E9_2_68.0_3_5.0_,_0_15.0_1_3.417402628E9_2_68.0_3_5.0_,_0_15.0_1_3.417402628E9_2_68.0_3_5.0_,_0_15.0_1_3.417402628E9_2_68.0_3_5.0_,_0_15.0_1_3.417402628E9_2_68.0_3_5.0_,_0_15.0_1_3.417402628E9_2_68.0_3_5.0_,_0_15.0_1_3.417402628E9_2_68.0_3_5.0_,_0_15.0_1_3.417402628E9_2_68.0_3_5.0_,_0_15.0_1_3.417402628E9_2_68.0_3_5.0_,_0_15.0_1_3.417402628E9_2_68.0_3_5.0_,_0_15.0_1_3.417402628E9_2_68.0_3_5.0_,_0_15.0_1_3.417402628E9_2_68.0_3_5.0_,_0_15.0_1_3.417402628E9_2_68.0_3_5.0_,_0_15.0_1_3.417402628E9_2_68.0_3_5.0_,_0_15.0_1_3.417402628E9_2_68.0_3_5.0_,_0_15.0_1_3.417402628E9_2_68.0_3_5.0_,_0_15.0_1_3.417402628E9_2_68.0_3_5.0_,_0_15.0_1_3.417402628E9_2_68.0_3_5.0_,_0_15.0_1_3.417402628E9_2_68.0_3_5.0_,_0_15.0_1_3.417402628E9_2_68.0_3_5.0_,_0_15.0_1_3.417402628E9_2_68.0_3_5.0_,_0_15.0_1_3.417402628E9_2_68.0_3_5.0_,_0_15.0_1_3.417402628E9_2_68.0_3_5.0_,_0_15.0_1_3.417402628E9_2_68.0_3_5.0_,_0_15.0_1_3.417402628E9_2_68.0_3_5.0_,_0_15.0_1_3.417402628E9_2_68.0_3_5.0_,_0_15.0_1_3.417402628E9_2_68.0_3_5.0_,_0_15.0_1_3.417402628E9_2_68.0_3_5.0_,_0_15.0_1_3.417402628E9_2_68.0_3_5.0_,_0_15.0_1_3.417402628E9_2_68.0_3_5.0_,_0_15.0_1_3.417402628E9_2_68.0_3_5.0_,_0_15.0_1_3.417402628E9_2_68.0_3_5.0_,_0_15.0_1_3.417402628E9_2_68.0_3_5.0_,_0_15.0_1_3.417402628E9_2_68.0_3_5.0_,_0_15.0_1_3.417402628E9_2_68.0_3_5.0_,_0_15.0_1_3.417402628E9_2_68.0_3_5.0_,_0_15.0_1_3.417402628E9_2_68.0_3_5.0_,_0_15.0_1_3.417402628E9_2_68.0_3_5.0_
13,_0_14.0_1_2.307338335E9_2_80.0_3_10.0_,_0_14.0_1_2.307338335E9_2_80.0_3_10.0_,_0_4.0_1_2.257832819E9_2_53.0_3_5.0_,_0_23.0_1_2.732394234E9_2_443.0_3_10.0_,_0_23.0_1_2.732394234E9_2_443.0_3_10.0_,_1_2.732394234E9_2_443.0_3_10.0_,_1_2.732394234E9_2_443.0_3_10.0_,_1_2.732394234E9_2_443.0_3_10.0_,_0_1.0_1_2.379512144E9_2_443.0_3_10.0_,_0_1.0_1_2.379512144E9_2_443.0_3_10.0_,_0_6.0_1_2.644468757E9_2_443.0_3_10.0_,_0_6.0_1_2.644468757E9_2_443.0_3_10.0_,_0_6.0_1_2.644468757E9_2_443.0_3_10.0_,_0_6.0_1_2.644468757E9_2_443.0_3_10.0_,_0_6.0_1_2.644468757E9_2_443.0_3_10.0_,_0_6.0_1_2.644468757E9_2_443.0_3_10.0_,_0_6.0_1_2.644468757E9_2_443.0_3_10.0_,_0_6.0_1_2.644468757E9_2_443.0_3_10.0_,_0_6.0_1_2.644468757E9_2_443.0_3_10.0_,_0_6.0_1_2.644468757E9_2_443.0_3_10.0_,_0_6.0_1_2.644468757E9_2_443.0_3_10.0_,_0_6.0_1_2.644468757E9_2_443.0_3_10.0_,_0_6.0_1_2.644468757E9_2_443.0_3_10.0_,_0_6.0_1_2.644468757E9_2_443.0_3_10.0_,_0_6.0_1_2.644468757E9_2_443.0_3_10.0_,_0_6.0_1_2.644468757E9_2_443.0_3_10.0_,_0_6.0_1_2.644468757E9_2_443.0_3_10.0_,_0_6.0_1_2.644468757E9_2_443.0_3_10.0_,_0_6.0_1_2.644468757E9_2_443.0_3_10.0_,_0_6.0_1_2.644468757E9_2_443.0_3_10.0_,_0_6.0_1_2.644468757E9_2_443.0_3_10.0_,_0_6.0_1_2.644468757E9_2_443.0_3_10.0_,_0_6.0_1_2.644468757E9_2_443.0_3_10.0_,_0_7.0_1_2.644468757E9_2_443.0_3_10.0_,_0_7.0_1_2.644468757E9_2_443.0_3_10.0_,_0_7.0_1_2.644468757E9_2_443.0_3_10.0_,_0_7.0_1_2.644468757E9_2_443.0_3_10.0_,_0_7.0_1_2.644468757E9_2_443.0_3_10.0_,_0_7.0_1_2.644468757E9_2_443.0_3_10.0_,_0_7.0_1_2.644468757E9_2_443.0_3_10.0_,_0_7.0_1_2.644468757E9_2_443.0_3_10.0_,_0_7.0_1_2.644468757E9_2_443.0_3_10.0_,_0_7.0_1_2.644468757E9_2_443.0_3_10.0_,_0_7.0_1_2.644468757E9_2_443.0_3_10.0_,_0_7.0_1_2.644468757E9_2_443.0_3_10.0_,_0_17.0_1_2.73187434E9_2_80.0_3_10.0_,_0_17.0_1_2.73187434E9_2_80.0_3_10.0_,_0_22.0_1_2.379512144E9_2_443.0_3_10.0_,_0_22.0_1_2.379512144E9_2_443.0_3_10.0_,_0_7.0_1_2.379512144E9_2_443.0_3_10.0_,_0_7.0_1_2.379512144E9_2_443.0_3_10.0_,_0_10.0_1_2.379512144E9_2_443.0_3_10.0_,_0_10.0_1_2.379512144E9_2_443.0_3_10.0_,_0_10.0_1_2.379512074E9_2_443.0_3_10.0_,_0_10.0_1_2.379512074E9_2_443.0_3_10.0_,_0_10.0_1_2.379512074E9_2_443.0_3_10.0_,_0_11.0_1_2.73187434E9_2_80.0_3_10.0_,_0_11.0_1_2.73187434E9_2_80.0_3_10.0_,_0_6.0_1_2.73187434E9_2_80.0_3_10.0_,_0_6.0_1_2.73187434E9_2_80.0_3_10.0_,_0_6.0_1_2.73187434E9_2_80.0_3_10.0_,_0_6.0_1_2.73187434E9_2_80.0_3_10.0_,_0_11.0_1_2.733888614E9_2_80.0_3_10.0_,_0_11.0_1_2.733888614E9_2_80.0_3_10.0_,_0_12.0_1_2.733888614E9_2_80.0_3_10.0_,_0_12.0_1_2.733888614E9_2_80.0_3_10.0_,_0_12.0_1_2.733888614E9_2_80.0_3_10.0_,_0_12.0_1_2.733888614E9_2_80.0_3_10.0_,_0_14.0_1_2.357014141E9_2_80.0_3_10.0_,_0_14.0_1_2.357014141E9_2_80.0_3_10.0_,_0_14.0_1_2.357014141E9_2_80.0_3_10.0_,_0_14.0_1_2.357014141E9_2_80.0_3_10.0_,_0_14.0_1_2.357014141E9_2_80.0_3_10.0_,_0_14.0_1_2.357014141E9_2_80.0_3_10.0_,_0_14.0_1_2.357014141E9_2_80.0_3_10.0_,_0_14.0_1_2.357014141E9_2_80.0_3_10.0_,_0_14.0_1_2.357014141E9_2_80.0_3_10.0_,_0_14.0_1_2.357014141E9_2_80.0_3_10.0_,_0_14.0_1_2.357014141E9_2_80.0_3_10.0_,_0_14.0_1_2.357014141E9_2_80.0_3_10.0_,_0_14.0_1_2.357014141E9_2_80.0_3_10.0_,_0_14.0_1_2.357014141E9_2_80.0_3_10.0_,_0_14.0_1_2.357014141E9_2_80.0_3_10.0_,_0_14.0_1_2.357014141E9_2_80.0_3_10.0_,_0_14.0_1_2.357014141E9_2_80.0_3_10.0_,_0_14.0_1_2.357014141E9_2_80.0_3_10.0_,_0_20.0_1_2.379512144E9_2_443.0_3_10.0_,_0_20.0_1_2.379512144E9_2_443.0_3_10.0_,_0_20.0_1_2.379512074E9_2_443.0_3_10.0_,_0_20.0_1_2.379512074E9_2_443.0_3_10.0_,_0_20.0_1_2.379512074E9_2_443.0_3_10.0_,_0_17.0_1_2.379512144E9_2_443.0_3_10.0_,_0_17.0_1_2.379512144E9_2_443.0_3_10.0_,_0_17.0_1_2.379512074E9_2_443.0_3_10.0_,_0_17.0_1_2.379512074E9_2_443.0_3_10.0_,_0_17.0_1_2.379512074E9_2_443.0_3_10.0_,_0_8.0_1_2.733886956E9_2_80.0_3_10.0_,_0_8.0_1_2.733886956E9_2_80.0_3_10.0_,_0_9.0_1_2.733886956E9_2_80.0_3_10.0_,_0_9.0_1_2.733886956E9_2_80.0_3_10.0_,_0_9.0_1_2.733886956E9_2_80.0_3_10.0_,_0_9.0_1_2.733886956E9_2_80.0_3_10.0_,_0_14.0_1_2.469663021E9_2_80.0_3_10.0_,_0_14.0_1_2.469663021E9_2_80.0_3_10.0_,_0_14.0_1_2.469663021E9_2_80.0_3_10.0_,_0_14.0_1_2.469663021E9_2_80.0_3_10.0_,_0_22.0_1_2.379512144E9_2_443.0_3_10.0_,_0_22.0_1_2.379512144E9_2_443.0_3_10.0_,_0_22.0_1_2.379512074E9_2_443.0_3_10.0_,_0_22.0_1_2.379512074E9_2_443.0_3_10.0_,_0_22.0_1_2.379512074E9_2_443.0_3_10.0_,_0_6.0_1_2.257832819E9_2_53.0_3_5.0_,_0_10.0_1_2.73187434E9_2_80.0_3_10.0_,_0_10.0_1_2.73187434E9_2_80.0_3_10.0_,_0_10.0_1_2.73187434E9_2_80.0_3_10.0_,_0_10.0_1_2.73187434E9_2_80.0_3_10.0_,_0_19.0_1_2.379512144E9_2_443.0_3_10.0_,_0_19.0_1_2.379512144E9_2_443.0_3_10.0_,_0_19.0_1_2.379512074E9_2_443.0_3_10.0_,_0_19.0_1_2.379512074E9_2_443.0_3_10.0_,_0_19.0_1_2.379512074E9_2_443.0_3_10.0_,_0_19.0_1_2.379512144E9_2_443.0_3_10.0_,_0_19.0_1_2.379512144E9_2_443.0_3_10.0_,_0_19.0_1_2.379512074E9_2_443.0_3_10.0_,_0_19.0_1_2.379512074E9_2_443.0_3_10.0_,_0_19.0_1_2.379512074E9_2_443.0_3_10.0_,_0_4.0_1_2.379512307E9_2_443.0_3_10.0_,_0_4.0_1_2.379512307E9_2_443.0_3_10.0_,_0_18.0_1_2.379512144E9_2_443.0_3_10.0_,_0_18.0_1_2.379512144E9_2_443.0_3_10.0_,_0_18.0_1_2.379512074E9_2_443.0_3_10.0_,_0_18.0_1_2.379512074E9_2_443.0_3_10.0_,_0_18.0_1_2.379512074E9_2_443.0_3_10.0_,_0_4.0_1_2.73187434E9_2_80.0_3_10.0_,_0_4.0_1_2.73187434E9_2_80.0_3_10.0_,_0_4.0_1_2.73187434E9_2_80.0_3_10.0_,_0_4.0_1_2.73187434E9_2_80.0_3_10.0_,_0_17.0_1_2.379512144E9_2_443.0_3_10.0_,_0_17.0_1_2.379512144E9_2_443.0_3_10.0_,_0_17.0_1_2.379512074E9_2_443.0_3_10.0_,_0_17.0_1_2.379512074E9_2_443.0_3_10.0_,_0_17.0_1_2.379512074E9_2_443.0_3_10.0_,_0_20.0_1_2.734181414E9_2_53.0_3_5.0_,_0_20.0_1_2.734181412E9_2_53.0_3_5.0_,_0_20.0_1_2.73418141E9_2_53.0_3_5.0_
15,_0_5.0_1_1.208960773E9_2_80.0_3_10.0_,_0_5.0_1_1.208960773E9_2_80.0_3_10.0_,_0_5.0_1_1.208960773E9_2_80.0_3_10.0_,_0_5.0_1_1.208960773E9_2_80.0_3_10.0_,_0_5.0_1_1.208960773E9_2_80.0_3_10.0_,_0_5.0_1_1.208960773E9_2_80.0_3_10.0_,_0_5.0_1_1.208960773E9_2_80.0_3_10.0_,_0_5.0_1_1.037698514E9_2_80.0_3_10.0_,_0_5.0_1_1.037698514E9_2_80.0_3_10.0_,_0_16.0_1_1.089295161E9_2_80.0_3_10.0_,_0_16.0_1_1.089295161E9_2_80.0_3_10.0_,_0_16.0_1_1.089295161E9_2_80.0_3_10.0_,_0_16.0_1_1.089295161E9_2_80.0_3_10.0_,_0_16.0_1_1.089295161E9_2_80.0_3_10.0_,_0_16.0_1_1.089295161E9_2_80.0_3_10.0_,_0_16.0_1_1.089295161E9_2_80.0_3_10.0_,_0_17.0_1_1.03857667E9_2_80.0_3_10.0_,_0_17.0_1_1.03857667E9_2_80.0_3_10.0_,_0_12.0_1_1.045155821E9_2_53.0_3_5.0_,_0_2.0_1_9.97771015E8_2_80.0_3_10.0_,_0_2.0_1_9.97771015E8_2_80.0_3_10.0_,_0_2.0_1_9.97771015E8_2_80.0_3_10.0_,_0_2.0_1_9.97771015E8_2_80.0_3_10.0_,_0_7.0_1_1.169094051E9_2_80.0_3_10.0_,_0_7.0_1_1.169094051E9_2_80.0_3_10.0_,_0_8.0_1_1.169094051E9_2_80.0_3_10.0_,_0_8.0_1_1.169094051E9_2_80.0_3_10.0_,_0_8.0_1_1.169094051E9_2_80.0_3_10.0_,_0_8.0_1_1.169094051E9_2_80.0_3_10.0_,_0_8.0_1_1.169094051E9_2_80.0_3_10.0_,_0_8.0_1_1.169094051E9_2_80.0_3_10.0_,_0_8.0_1_1.169094051E9_2_80.0_3_10.0_,_0_8.0_1_1.169094051E9_2_80.0_3_10.0_,_0_8.0_1_1.169094051E9_2_80.0_3_10.0_,_0_8.0_1_1.169094051E9_2_80.0_3_10.0_,_0_8.0_1_1.169094051E9_2_80.0_3_10.0_,_0_8.0_1_1.169094051E9_2_80.0_3_10.0_,_0_8.0_1_1.169094051E9_2_80.0_3_10.0_,_0_8.0_1_1.169094051E9_2_80.0_3_10.0_,_0_8.0_1_1.169094051E9_2_80.0_3_10.0_,_0_8.0_1_1.169094051E9_2_80.0_3_10.0_,_0_8.0_1_1.169094051E9_2_80.0_3_10.0_,_0_8.0_1_1.169094051E9_2_80.0_3_10.0_,_0_8.0_1_1.169094051E9_2_80.0_3_10.0_,_0_8.0_1_1.169094051E9_2_80.0_3_10.0_,_0_8.0_1_1.169094051E9_2_80.0_3_10.0_,_0_8.0_1_1.169094051E9_2_80.0_3_10.0_,_0_8.0_1_1.169094051E9_2_80.0_3_10.0_,_0_8.0_1_1.169094051E9_2_80.0_3_10.0_,_0_9.0_1_1.266583736E9_2_80.0_3_10.0_,_0_9.0_1_1.266583736E9_2_80.0_3_10.0_,_0_20.0_1_1.010138808E9_2_80.0_3_10.0_,_0_20.0_1_1.010138808E9_2_80.0_3_10.0_,_0_1.0_1_1.078495199E9_2_80.0_3_10.0_,_0_1.0_1_1.078495199E9_2_80.0_3_10.0_,_0_17.0_1_9.96246682E8_2_80.0_3_10.0_,_0_17.0_1_9.96246682E8_2_80.0_3_10.0_,_0_17.0_1_9.96246682E8_2_80.0_3_10.0_,_0_17.0_1_9.96246682E8_2_80.0_3_10.0_,_0_17.0_1_9.96246682E8_2_80.0_3_10.0_,_0_17.0_1_9.96246682E8_2_80.0_3_10.0_,_1_1.08343245E9_2_80.0_3_10.0_,_1_1.08343245E9_2_80.0_3_10.0_,_1_1.08343245E9_2_80.0_3_10.0_,_1_1.08343245E9_2_80.0_3_10.0_,_1_1.08343245E9_2_80.0_3_10.0_,_1_1.08343245E9_2_80.0_3_10.0_,_1_1.08343245E9_2_80.0_3_10.0_,_1_1.08343245E9_2_80.0_3_10.0_,_0_18.0_1_1.038376715E9_2_443.0_3_10.0_,_0_18.0_1_1.038376715E9_2_443.0_3_10.0_,_0_18.0_1_1.038376715E9_2_443.0_3_10.0_,_0_18.0_1_1.038376715E9_2_443.0_3_10.0_,_0_18.0_1_1.038376715E9_2_443.0_3_10.0_,_0_18.0_1_1.038376715E9_2_443.0_3_10.0_,_0_18.0_1_1.038376715E9_2_443.0_3_10.0_,_0_18.0_1_1.168501154E9_2_80.0_3_10.0_,_0_18.0_1_1.168501154E9_2_80.0_3_10.0_,_1_1.26805166E9_2_443.0_3_10.0_,_1_1.26805166E9_2_443.0_3_10.0_,_0_22.0_1_1.185021248E9_2_80.0_3_10.0_,_0_22.0_1_1.185021248E9_2_80.0_3_10.0_,_0_22.0_1_1.185021248E9_2_80.0_3_10.0_,_0_22.0_1_1.185021248E9_2_80.0_3_10.0_,_0_22.0_1_1.185021248E9_2_80.0_3_10.0_,_0_22.0_1_1.185021248E9_2_80.0_3_10.0_,_0_22.0_1_1.185021248E9_2_80.0_3_10.0_,_0_22.0_1_1.224484407E9_2_80.0_3_10.0_,_0_22.0_1_1.224484407E9_2_80.0_3_10.0_,_0_22.0_1_1.224484407E9_2_80.0_3_10.0_,_0_22.0_1_1.224484407E9_2_80.0_3_10.0_,_0_22.0_1_1.224484407E9_2_80.0_3_10.0_,_0_22.0_1_1.224484407E9_2_80.0_3_10.0_,_0_22.0_1_1.224484407E9_2_80.0_3_10.0_,_0_10.0_1_1.038357888E9_2_443.0_3_10.0_,_0_10.0_1_1.038357888E9_2_443.0_3_10.0_,_0_10.0_1_1.038357888E9_2_443.0_3_10.0_,_0_10.0_1_1.038357888E9_2_443.0_3_10.0_,_0_10.0_1_1.038357888E9_2_443.0_3_10.0_,_0_10.0_1_1.038357888E9_2_443.0_3_10.0_,_0_10.0_1_1.038357888E9_2_443.0_3_10.0_,_0_10.0_1_1.038357888E9_2_443.0_3_10.0_,_0_10.0_1_1.038357888E9_2_443.0_3_10.0_,_0_10.0_1_1.038357888E9_2_443.0_3_10.0_,_0_10.0_1_1.038357888E9_2_443.0_3_10.0_,_0_13.0_1_1.255140021E9_2_80.0_3_10.0_,_0_13.0_1_1.255140021E9_2_80.0_3_10.0_,_0_16.0_1_1.123692547E9_2_443.0_3_10.0_,_0_16.0_1_1.123692547E9_2_443.0_3_10.0_,_0_16.0_1_1.123692547E9_2_443.0_3_10.0_,_0_20.0_1_1.130748604E9_2_80.0_3_10.0_,_0_20.0_1_1.130748604E9_2_80.0_3_10.0_,_0_20.0_1_1.130748604E9_2_80.0_3_10.0_,_0_20.0_1_1.130748604E9_2_80.0_3_10.0_,_0_20.0_1_1.130748604E9_2_80.0_3_10.0_,_0_20.0_1_1.130748604E9_2_80.0_3_10.0_,_0_20.0_1_1.130748604E9_2_80.0_3_10.0_
12,_0_10.0_1_3.093924685E9_2_53.0_3_5.0_,_0_17.0_1_3.002702366E9_2_80.0_3_10.0_,_0_17.0_1_3.002702366E9_2_80.0_3_10.0_,_0_19.0_1_3.184413459E9_2_80.0_3_10.0_,_0_19.0_1_3.184413459E9_2_80.0_3_10.0_,_0_19.0_1_3.184413459E9_2_80.0_3_10.0_,_0_19.0_1_3.184413459E9_2_80.0_3_10.0_,_0_1.0_1_3.029933171E9_2_80.0_3_10.0_,_0_1.0_1_3.029933171E9_2_80.0_3_10.0_,_0_1.0_1_3.029933171E9_2_80.0_3_10.0_,_0_1.0_1_3.029933171E9_2_80.0_3_10.0_,_0_10.0_1_3.093924685E9_2_53.0_3_5.0_,_0_10.0_1_3.093924685E9_2_53.0_3_5.0_,_0_10.0_1_3.093924685E9_2_53.0_3_5.0_,_0_9.0_1_3.093924685E9_2_53.0_3_5.0_,_0_12.0_1_3.157709073E9_2_80.0_3_10.0_,_0_12.0_1_3.157709073E9_2_80.0_3_10.0_,_0_12.0_1_3.157709073E9_2_80.0_3_10.0_,_0_12.0_1_3.157709073E9_2_80.0_3_10.0_,_0_19.0_1_3.149952961E9_2_80.0_3_10.0_,_0_19.0_1_3.149952961E9_2_80.0_3_10.0_,_0_10.0_1_3.093924685E9_2_53.0_3_5.0_,_0_10.0_1_3.093924685E9_2_53.0_3_5.0_,_0_10.0_1_3.093924685E9_2_53.0_3_5.0_,_0_12.0_1_3.093924685E9_2_53.0_3_5.0_,_0_19.0_1_3.063969923E9_2_80.0_3_10.0_,_0_19.0_1_3.063969923E9_2_80.0_3_10.0_,_0_19.0_1_3.063969923E9_2_80.0_3_10.0_,_0_19.0_1_3.063969923E9_2_80.0_3_10.0_,_0_19.0_1_3.153089267E9_2_80.0_3_10.0_,_0_19.0_1_3.153089267E9_2_80.0_3_10.0_,_0_19.0_1_3.153089267E9_2_80.0_3_10.0_,_0_19.0_1_3.153089267E9_2_80.0_3_10.0_,_0_3.0_1_3.002702366E9_2_443.0_3_10.0_,_0_3.0_1_3.002702366E9_2_443.0_3_10.0_,_0_8.0_1_3.03469498E9_2_80.0_3_10.0_,_0_8.0_1_3.03469498E9_2_80.0_3_10.0_,_0_8.0_1_3.03469498E9_2_80.0_3_10.0_,_0_8.0_1_3.03469498E9_2_80.0_3_10.0_,_0_8.0_1_3.03469498E9_2_80.0_3_10.0_,_0_12.0_1_3.093924685E9_2_53.0_3_5.0_,_0_21.0_1_3.104157304E9_2_80.0_3_10.0_,_0_21.0_1_3.104157304E9_2_80.0_3_10.0_,_0_12.0_1_3.093924685E9_2_53.0_3_5.0_,_0_20.0_1_3.10587011E9_2_443.0_3_10.0_,_0_20.0_1_3.10587011E9_2_443.0_3_10.0_,_0_10.0_1_3.011256841E9_2_80.0_3_10.0_,_0_10.0_1_3.011256841E9_2_80.0_3_10.0_,_0_12.0_1_3.093924685E9_2_53.0_3_5.0_,_0_15.0_1_3.104105411E9_2_80.0_3_10.0_,_0_15.0_1_3.104105411E9_2_80.0_3_10.0_,_0_4.0_1_3.104157304E9_2_53.0_3_5.0_,_0_10.0_1_3.093924685E9_2_53.0_3_5.0_,_0_11.0_1_3.093924685E9_2_53.0_3_5.0_,_0_19.0_1_3.030798635E9_2_80.0_3_10.0_,_0_19.0_1_3.030798635E9_2_80.0_3_10.0_,_0_19.0_1_3.030798635E9_2_80.0_3_10.0_,_0_19.0_1_3.030798635E9_2_80.0_3_10.0_,_0_22.0_1_3.030798635E9_2_80.0_3_10.0_,_0_22.0_1_3.030798635E9_2_80.0_3_10.0_,_0_22.0_1_3.030798635E9_2_80.0_3_10.0_,_0_22.0_1_3.030798635E9_2_80.0_3_10.0_
0,_0_14.0_1_1.0055815E8_2_53.0_3_5.0_,_0_23.0_1_2.2888778E7_2_80.0_3_10.0_,_0_23.0_1_2.2888778E7_2_80.0_3_10.0_,_0_22.0_1_2.2888778E7_2_80.0_3_10.0_,_0_22.0_1_2.2888778E7_2_80.0_3_10.0_,_0_11.0_1_9.5568492E7_2_53.0_3_5.0_,_0_17.0_1_9.5568495E7_2_53.0_3_5.0_,_0_18.0_1_9.5568492E7_2_53.0_3_5.0_,_0_20.0_1_4.59540275E8_2_443.0_3_10.0_,_0_20.0_1_4.59540275E8_2_443.0_3_10.0_,_0_21.0_1_4.59540275E8_2_443.0_3_10.0_,_0_21.0_1_4.59540275E8_2_443.0_3_10.0_,_0_21.0_1_4.59540275E8_2_443.0_3_10.0_,_0_5.0_1_4.69652053E8_2_80.0_3_10.0_,_0_5.0_1_4.69652053E8_2_80.0_3_10.0_,_0_5.0_1_4.69652053E8_2_80.0_3_10.0_,_0_5.0_1_4.69652053E8_2_80.0_3_10.0_,_0_4.0_1_4.8517181E7_2_80.0_3_10.0_,_0_4.0_1_4.8517181E7_2_80.0_3_10.0_
